source,id,date,text,rating,url,author
Play Store,cb489198-9efa-4bd9-9f11-aba41adc12fc,2026-06-17,"This is edited from my original rant of the ad problem on Spotify and it's so much worse, now you get an Ad every single time you OPEN THE APP. Basically every song is ad on ad on ad and I don't seem to even get 15+ minute ad breaks anymore. It's as if you can't listen to music without purchasing Premium which is such a let down compared to older Spotify, even a couple years ago it wasn't as much of a major problem. Disappointing.",1,https://play.google.com/store/apps/details?id=com.spotify.music&hl=en_IN,Memo
Play Store,9a22d2d2-2945-419d-84d5-251490e3f53b,2026-06-17,"HATE THE NEW WIDGET!!! Bring back the regular now playing widget, at least give us the option!!! I don't want suggestions, I just want a *simple* now-playing widget.",1,https://play.google.com/store/apps/details?id=com.spotify.music&hl=en_IN,Annie Avery
Play Store,fd67ae35-1bc5-4010-ba59-459571a671f7,2026-06-17,why is it all of a sudden there are issues with the platform. today I can click on any Playlist ... akd as soon as that song is done it changes to a COMPLETELY different style of music. and ill go back to the playlist puk another song and again when its done it changes to something else,2,https://play.google.com/store/apps/details?id=com.spotify.music&hl=en_IN,Vivian Morris
Play Store,c12d9f6e-658f-4d17-af45-39ad27b6abdf,2026-06-17,"Absolute trash. New widget broke the already broken app more. Recommendations are always yhe exact same song (regardless of what you're listening to), the shuffle works the same way (only plays the same couple soungs). Its a free app for me and I still would rather listen to music on YouTube with commercials",1,https://play.google.com/store/apps/details?id=com.spotify.music&hl=en_IN,Bronche Johnson
Play Store,e95fa6f6-9ed1-4229-b006-8ecd71e46187,2026-06-17,"so unfair limit 6 skip per hour and there is limit to listen new music, so baddd",1,https://play.google.com/store/apps/details?id=com.spotify.music&hl=en_IN,Shreyash Chavan
Play Store,2ab4584f-b6b6-4725-bb8e-1e75cc2a17ab,2026-06-17,let me know when the small widget shows the play and skip buttons again. I can't fathom why you would remove them just to make the widget absolutely useless.,2,https://play.google.com/store/apps/details?id=com.spotify.music&hl=en_IN,Corey Holt
Play Store,eb205def-70e4-4321-840a-8ecf0feefe6e,2026-06-17,"Could you please make it optional to have f. mandatory Ai transcriptions in podcasts? Sometimes you want to see the pictures, cover art, whatever. Not useless Ai transcriptions. If it's for helping the disabled, then make it optional... Why is everything logical so incredibly hard for your app. Same with the new widget. The one before worked. Now you replaced it with one that disconnects constantly and suggests Playlists. If I wanted to listen to a different Playlist I'd open the app.",1,https://play.google.com/store/apps/details?id=com.spotify.music&hl=en_IN,Daniel Bertschi
Play Store,517351f4-0eee-4a25-bef9-34e02501f191,2026-06-17,"shuffle system is broken, plays same song again. ps I'm a premium user.",4,https://play.google.com/store/apps/details?id=com.spotify.music&hl=en_IN,Vs K
Play Store,50e71397-ffc4-4b72-8dfb-8b403b18f820,2026-06-17,It's Shuffled When Find A Playlist Also If There Hearing This Please Let Me Have No Shuffled,1,https://play.google.com/store/apps/details?id=com.spotify.music&hl=en_IN,Marlene Swinney
Play Store,eb4f875f-1039-42f6-9f16-07588a5a76dc,2026-06-17,This App is Now Trash And Not Recommended unless you have premium if you are using free version then this app puts Ads every song and u can't change/skip song you want,1,https://play.google.com/store/apps/details?id=com.spotify.music&hl=en_IN,BhaviK Tarvi
Play Store,bb452183-1ddc-467b-8966-93575a205496,2026-06-17,"Spotify has completely elevated my music experience! The sound quality is superb, the playlist recommendations are incredibly accurate, and discovering new artists through Discover Weekly feels like magic. I also love the podcast library — everything is in one place. Spotify Premium is 100% worth it for offline listening and zero interruptions",5,https://play.google.com/store/apps/details?id=com.spotify.music&hl=en_IN,Katelyn Schutte
Play Store,a82c9877-a97d-4a71-b51b-4fc7126a4924,2026-06-17,"Continuity between devices is terrible, playlists often start over at specific point when switching from my computer to my car, for example. Also, new widget is ugly af and frequently unresponsive. It's a shame they forced everyone to stop using the old one.",3,https://play.google.com/store/apps/details?id=com.spotify.music&hl=en_IN,Jamison Fricke
Play Store,12ab316c-a4c3-4ccd-9d8c-cce504f6eaec,2026-06-17,as of this week 3 songs I saved have been changed to different versions or removed why pay for subscription when songs u want aren't available it changed them on my list and the other 2 it removed. keeps removing songs or changing them to something else,1,https://play.google.com/store/apps/details?id=com.spotify.music&hl=en_IN,Avi M. (Tunsy)
Play Store,bfd20e43-c1d8-43ed-87bf-e893c2d77e64,2026-06-17,"Every single time I search a song and try to play it EVERYTHING EXCEPT THE SONG PLAYS. The issue above has not been fixed, and now i have come across another issue,,, The widget. i have had the 4x1 widget on my homescreen for forever. It fit well with the space i had on it and worked well. Guess what? Now its functionally useless in favor of the 4x2 widget. Why??? Now i have to get rid of the widget and i cant use the 4x2 because IT DOES NOT FIT! i dont see why we cant just have both.",2,https://play.google.com/store/apps/details?id=com.spotify.music&hl=en_IN,Kiyori Jun
Play Store,684d1ef8-3493-4a85-8dc9-8ed2f515f7f7,2026-06-17,it's like the bestest ever app of all time I would have given 5 as a rating but the problem is the ads they pop up after every 3 to 4 songs. It's still nice as we can also blend our playlists with our friends and family. and also every song you need can be found here overall i think 💬🤔 it's an amazing app especially for music listeners like me .,4,https://play.google.com/store/apps/details?id=com.spotify.music&hl=en_IN,Nirvi Patidar
Play Store,42827ecb-4af3-41b3-9d71-b38a632e6341,2026-06-17,loving that I can make my own playlist and that automatically creates options for more artists and new songs as well as old ones..,5,https://play.google.com/store/apps/details?id=com.spotify.music&hl=en_IN,Deaarron Chapel
Play Store,9003f7e1-91fd-4b64-a1c0-62492d5693bf,2026-06-17,"(New review for review update) went to the spotify support website, ai was useless, still having the same glitches: what is have tried: -reinstalling -clearing data -clearing catche -updating the app but nothing worked audio glitches are still there so the spotify support website did not help cam you either fix your app or fix this unfixable bug and also the audio keeps glitching like 1 second of a different part of the song in a different bit such as glitching sounds happening.",3,https://play.google.com/store/apps/details?id=com.spotify.music&hl=en_IN,Sarah Todd
Play Store,41b6f6e0-e8c3-45eb-ad48-9f185ad76f0c,2026-06-17,"too much ads and I can't even choose the songs I want after a specific amount, gotta wait till the next day. same for the skips, I get a specific amount of skips in an hour. it's torture",2,https://play.google.com/store/apps/details?id=com.spotify.music&hl=en_IN,Logy Emad
Play Store,ca2dc315-9d20-4436-a7f8-56e585ede92a,2026-06-17,"The audio quality and UI of this music app are fantastic, but the ad frequency makes it really hard to enjoy. Getting multiple unskippable ads every two or three songs completely breaks the flow of a playlist. I totally understand needing ads for the free tier, but right now it feels like you're forced into premium just to listen to a single album. Hopefully, the devs can balance the ad timing better!",4,https://play.google.com/store/apps/details?id=com.spotify.music&hl=en_IN,Sonu Sharma
Play Store,a35d1f56-ffc7-45a3-80fc-7b874b8b1928,2026-06-17,ads are fine but no shuffle feature should be there in non-premium accounts also,4,https://play.google.com/store/apps/details?id=com.spotify.music&hl=en_IN,Surbhi Sharma (Maayin)
Play Store,81533973-c010-47b7-aac6-b003f9e3b5f2,2026-06-17,"The app continues to be glitchy, I can't open artists when I search them or it often tells me 'Spotify is offline' even when I have internet or data. The menu also frequently fails to pop up when I try to add a song to a playlist. And as far as suggested music goes, it often regurgitates back the same things I already listen to rather than finding new artists similar to what I like.",3,https://play.google.com/store/apps/details?id=com.spotify.music&hl=en_IN,Randi Nowicki
Play Store,a57b0902-8bc6-4b00-aca0-d4b58c9d8bbf,2026-06-17,when the premium ended they shuffled my Playlist for no reason it happens to me every time,2,https://play.google.com/store/apps/details?id=com.spotify.music&hl=en_IN,ADDASYNN Waggoner
Play Store,a80f14c8-cc0f-4784-8d51-47a196365ee4,2026-06-17,"They have removed smart shuffle at least. Now they have changed the widget, I don't understand removing support for the old simple widget. I don't need to see other options on the widget just play/pause next and back.",1,https://play.google.com/store/apps/details?id=com.spotify.music&hl=en_IN,Jordan
Play Store,990357ef-0643-4af4-9ef5-13b45651db5a,2026-06-17,"You have to listen on shuffle if you dont have premium, and it used to shuffle normally but now ""smart"" shuffle (where the app plays songs that aren't part of the playlist/album/artist based on similarity) is the only option. Also, ad frequency is too high. Not only that but it's always 2 ads in a row now, never just 1. Feature suggestion: The option to play two or more playlists on shuffle at the same time.",3,https://play.google.com/store/apps/details?id=com.spotify.music&hl=en_IN,Malak W.
Play Store,04474202-bca6-4a2d-bfef-a8e0dadd5b20,2026-06-17,"besides the fact that Spotify works with ICE. Did they remove the ""Local Files"" Playlist? i have music downloaded on my phone Playlist and it used to play on Spotify, just recently I noticed they removed it. is this a glitch or did they permanently remove the ""local files"" Playlist?",1,https://play.google.com/store/apps/details?id=com.spotify.music&hl=en_IN,Michael Perea
Play Store,2d1dac74-2b21-48dc-9ce0-3d776ec36fb3,2026-06-17,Best music app for listening to music u like or love.Also great for discovering new music as well,5,https://play.google.com/store/apps/details?id=com.spotify.music&hl=en_IN,Lorinzer Walker
Play Store,8febaaae-f500-4c1f-81b4-4646b5cf1002,2026-06-17,"Please Spotify team, add a setting that ask for another confirmation on whether I want to remove a song from any library or Playlist. You can also add the ability to position our songs anywhere and in any order in Liked Songs (just like in Queue)",4,https://play.google.com/store/apps/details?id=com.spotify.music&hl=en_IN,Raymond Green
Play Store,6373bef8-9ded-4d72-b892-51b8b4f7ac9f,2026-06-17,"Spotify is fine but I am stuck with it as I have a family plan that others rely on. Would be great if there was safe playlists excluded from metrics? (for the kids music). new music for me should not include reissues. Spotify also tries to recommend new music that is so far outside of what I generally listen to, I get frustrated by it. needs to deal better with local files from my library when the artist is not on Spotify.",3,https://play.google.com/store/apps/details?id=com.spotify.music&hl=en_IN,Ross Kelly
Play Store,200c501d-2f0c-4892-9882-e1262e6a0c04,2026-06-17,"i pay for the subscription and not only do i still have the app fight me on not having shuffle on or repeat on (constantly have to check it didn't turn on by itself) and artist leaving the site, and having ads that seem completely antithetical to what they're interrupting, and now u want me to use a widget that takes up half of my phone screen when the smaller one worked fine. seems like u guys just like making things worse and worse.",2,https://play.google.com/store/apps/details?id=com.spotify.music&hl=en_IN,Laura Lewallen
Play Store,3f340cd0-4956-43d8-aa75-ae403fbc718f,2026-06-17,"Old widget was better.... A good app, I have premium so I don't have to listen to the obnoxious ads anymore thank god. Better than Google Play or iTunes. I wish I could reset my listening preferences though to start from scratch or choose not affect preferences when I choose. Also, an option to toggle ""play or add to queue"" on tapping a song would be nice because I always accidentally change songs when I'm trying to add queue.",4,https://play.google.com/store/apps/details?id=com.spotify.music&hl=en_IN,T Girl
Play Store,1c8127c0-0d3d-44f0-bd3a-7b7ea30b81ac,2026-06-17,"Spotify is by far one of the best music streaming platforms I've used. The app is easy to navigate, the sound quality is excellent, and the personalized playlists and recommendations are surprisingly accurate. I love discovering new artists through features like Discover Weekly and Daily Mixes. The huge music library, podcasts, and seamless syncing across devices make it a fantastic all-in-one entertainment platform. Spotify continues to improve its features and user experience.Highly recommend",5,https://play.google.com/store/apps/details?id=com.spotify.music&hl=en_IN,Rahma Ziya
Play Store,268c0b8d-0102-40e9-8580-c0ab325512ee,2026-06-17,"new update seems to have messed up the ""On repeat"" playlist. Songs I only played once messing up the list, while songs I repeat don't make the cut. please no. Edit: they fixed it! Love this feature. Also the new lyric placement? Amazing!",5,https://play.google.com/store/apps/details?id=com.spotify.music&hl=en_IN,Mangaliso Xhamela
Play Store,e806b6c8-6824-4a0e-8791-faaa8ccb0814,2026-06-17,Spotify offers an outstanding music experience with an extensive library of songs and podcasts. The personalized playlists are especially impressive.,5,https://play.google.com/store/apps/details?id=com.spotify.music&hl=en_IN,ItzKimy
Play Store,e92d26c5-faaa-42f7-b0fa-0c86dbf8a6c5,2026-06-17,"Can't listen to two songs in a row without getting 3 ads in a row with the exact same script. I'd understand having a few ads every so often, but this is just ridiculous.",1,https://play.google.com/store/apps/details?id=com.spotify.music&hl=en_IN,Joey Zakhour
Play Store,8667f615-ce22-44d2-9a6f-3918424e80d3,2026-06-17,1 Song. 2 adverts. na unna buy data for me? Suggested songs out of my interest,1,https://play.google.com/store/apps/details?id=com.spotify.music&hl=en_IN,Abiodun “AJ” AJALA
Play Store,6acc350b-36c4-47f0-8638-6f356ac2f4e4,2026-06-17,"saat ini, saya sudah jarang beli spotify premium karena tidak mendapatkan tawaran 3 bulan cuma 49 ribu dan sekarang akun gratisan cuma 5 lagu aja udah dianggap overplayed🤬. dan juga tolong spotify perbaiki sistem shuffle nya juga karena shuffle nya ngebosenin atau gak sesuai sama genre lagu yang dipilih.",1,https://play.google.com/store/apps/details?id=com.spotify.music&hl=en_IN,Andrew Amadeus
Play Store,d09f36c7-a9d3-4cfe-b63a-94f3162c7a32,2026-06-17,"Every time I close the app after listening, the next time I open it the app isn't showing ANYTHING, only my last played song. Even if I'm clicking on 'MY LIBRARY', nothings happening.. Really poor updates.",2,https://play.google.com/store/apps/details?id=com.spotify.music&hl=en_IN,Arty Jangda
Play Store,9aeef7b2-83ac-421b-ab2b-34ea98bf1416,2026-06-17,amazing playlist,5,https://play.google.com/store/apps/details?id=com.spotify.music&hl=en_IN,obura Jonathan
Play Store,a15a9dad-fc74-423a-80f7-6ad407de6ebd,2026-06-17,"I love this music app, I can discover bunch and music and have fun with sharing playlist , even the cheapest premium plans is enough to stop ads interrupting my music, the only minus two star experience is that , it drains my Samsung watch 4 battery abnormally fast if I hear it from the watch even when offline , so please , optimize watch version of the app on play store, make it more battery efficient",3,https://play.google.com/store/apps/details?id=com.spotify.music&hl=en_IN,David Ferdinand
Play Store,66bbfd25-82a9-4c29-ae40-9e00ff84ded3,2026-06-17,"Very slow and laggy UI. When quickly scrolling through playlists, FPS drops to 1-2. Changing the view oftentimes takes a full second, even when all the data is already loaded (opening an album or a song, showing lyrics etc.).",3,https://play.google.com/store/apps/details?id=com.spotify.music&hl=en_IN,Ivica Kičić
Play Store,346c5323-0ea6-4dd3-82a5-2ec6e2cc1eef,2026-06-17,"Spotify continues to dominate as the ultimate music and audio platform in 2026. Whether I’m discovering new artists, building playlists for every mood, listening to podcasts, or enjoying audiobooks, it delivers an unbeatable personalized experience that keeps me coming back every day.",5,https://play.google.com/store/apps/details?id=com.spotify.music&hl=en_IN,Paul Yathesh
Play Store,658bd80f-c136-4d5e-bc0f-be3e5271c343,2026-06-17,"time to time it gets updated and then so many ads and now you can't even skip the song you don't want to listen, cannot listen to the searched song so frustrating",1,https://play.google.com/store/apps/details?id=com.spotify.music&hl=en_IN,Vijaya Rathi
Play Store,d85a4ca8-5717-4353-a485-9a3f85e36f4b,2026-06-17,Always the ads are about premium stuff and you can't play songs for long time. the album doesn't come in order. even the ads are too many at same time like their time duration is longer as well as the number. Except that the songs are good. Few songs have lyrical mistakes,3,https://play.google.com/store/apps/details?id=com.spotify.music&hl=en_IN,Jaya saatwika
Play Store,84b7444a-0145-4205-9db9-790a0520568a,2026-06-17,"this app sucks it wont even let me listen to music anymore AT ALL like when i search up a song and try to play it, it says i discovered a premium feature. this is literally horrible",1,https://play.google.com/store/apps/details?id=com.spotify.music&hl=en_IN,cncbunnie
Play Store,b1f016fb-0e0d-4eae-8be3-cf987634be41,2026-06-17,Nice switch up on genres.,4,https://play.google.com/store/apps/details?id=com.spotify.music&hl=en_IN,Blaine Stanfield
Play Store,c20d8926-254d-4607-889b-86f6e0265d6b,2026-06-17,THANK YOU FOR THE RESHUFFLE BUTTON. OVERDUE. but whys my search bar so slow? :(,3,https://play.google.com/store/apps/details?id=com.spotify.music&hl=en_IN,Hayden Barber
App Store,14193166726,2026-06-17,"I don’t understand why we still have this disco ball as the apps logo. It’s freaking hideous and an awful way to celebrate your anniversary or whatever the case. 

I’m honestly about to cancel my subscription, and switch back to Apple Music just so I don’t have to look at it.",1,https://apps.apple.com/us/app/spotify-music-and-podcasts/id324684580,Gsferelli
App Store,14193083974,2026-06-17,My playlist is long and I love it,5,https://apps.apple.com/us/app/spotify-music-and-podcasts/id324684580,Loveshack-Maddie!
App Store,14192955644,2026-06-17,"I do love Spotify and being able to create play lists, listen to specific artists or songs, get the latest new albums right away. However, lately songs have been skipping. It almost sounds like I’m listening to a scratched up cd. Very frustrating. I also would love if there was a way to add your kids and control what they listen to.",3,https://apps.apple.com/us/app/spotify-music-and-podcasts/id324684580,Abrennan720
App Store,14192712104,2026-06-17,I use Spotify exclusively every day over 8 hours I work the night shift so it really helps me keep track so i can focus while i am working i listen to rare bands and different artists around the world!,5,https://apps.apple.com/us/app/spotify-music-and-podcasts/id324684580,Morbid218
App Store,14192643253,2026-06-17,"This app is borderline unusable and I’ve had a premium membership for like a decade almost, I still have a plan that includes hulu which Spotify doesn’t even provide anymore. Each update seems to get worse and worse and nothing loads. Nothing that I search for loads, my playlists take forever to load, then opening one takes forever to load the songs, and when I choose a song to listen to, it takes forever to play. It also takes forever to play my local files for whatever reason? Which doesn’t even make sense because they’re my files I’ve provided?? It’s genuinely getting to the point I’m highly considering cancelling my membership entirely and moving to another streaming service, like this is ridiculous. I check their community board and other people have the same issues that they always label as resolved and then ignore all of the comments saying that the issues haven’t been resolved at all. Like what went wrong with this company?",1,https://apps.apple.com/us/app/spotify-music-and-podcasts/id324684580,grimmieurawwk
App Store,14192587553,2026-06-17,"One day I can see new music next day , i cannot ! And why the help are you promoting podcasts without my consent . Also , why the hell are there add on Joe Rogan and other podcasts when i pay a subscription!?",2,https://apps.apple.com/us/app/spotify-music-and-podcasts/id324684580,Gazoontite777
App Store,14192522886,2026-06-17,I love Spotify because even if you  don’t know the name of the song you can just search the lyrics. You can also watch YouTube and some TikTok videos!!,5,https://apps.apple.com/us/app/spotify-music-and-podcasts/id324684580,🎀🎀Gertie🎀🎀
App Store,14192516959,2026-06-17,"when your shuffling system clearly favors tiktok popular songs to the point of the same 20 songs always being at the top of the mix, and never seeing certain songs above the half way point, you shouldnt call it “shuffle”. call it “tiktok trending radio” 😒",3,https://apps.apple.com/us/app/spotify-music-and-podcasts/id324684580,fry420
App Store,14192358886,2026-06-16,1 star. Stop holding basic music controls hostage behind Premium. I just want to play the songs I like without fighting the app.,1,https://apps.apple.com/us/app/spotify-music-and-podcasts/id324684580,Lalurrr
App Store,14192257725,2026-06-16,things that annoy me with Spotify it’s annoying that I can’t even play the songs I want. I go to the search bar and I play the song but then it plays a completely different song that I And then I literally have to pay for the songs to show up in order and then I can’t even look at the lyrics because it says I hit the lyrics limit Like what? I also don’t like that u only get 6 skips per hour??? and then when I create a playlist and add all the songs I want I play my songs but they won’t even show in order this was not a problem before I have already updated my app so many times and deleted it too and the problem is still showing.,2,https://apps.apple.com/us/app/spotify-music-and-podcasts/id324684580,𐂃𐂂𓀬𓆈𓃗𓃱𓀡𓅷𓃰𓄁𓃠𓅿𓃟
App Store,14192256659,2026-06-16,"Showing to many unrequited adds, more new personalized music suggestions instead :)",4,https://apps.apple.com/us/app/spotify-music-and-podcasts/id324684580,ami_here_at_all
App Store,14192250674,2026-06-16,I love this app it’s so good I can save my favorite songs make playlists the only thing I don’t like is that if u don’t have Spotify premium you get adds like every song or so but still love it!!!,4,https://apps.apple.com/us/app/spotify-music-and-podcasts/id324684580,Matilda osuna Coppel
App Store,14192033396,2026-06-16,Spotify is the best thing that could have ever happened to music.  I love the way I am allowed to create my playlist and listen for hours on end to my favorite songs.,5,https://apps.apple.com/us/app/spotify-music-and-podcasts/id324684580,Geca’s
App Store,14191951862,2026-06-16,"I love Spotify very much. It’s super easy to use, it is very customized to you. my only input that I would give is that sometimes the DJ will repeat the same set of songs over and get caught in a loop. I found that usually closing the app and going back and fixes it",5,https://apps.apple.com/us/app/spotify-music-and-podcasts/id324684580,LyssieRaye
App Store,14191932435,2026-06-16,So happy with the music! Spotify is always spot on with the rotations of new music and matching to what I am already listening to. Definitely love this app.,5,https://apps.apple.com/us/app/spotify-music-and-podcasts/id324684580,LAmarie<3
App Store,14191886036,2026-06-16,"I’ve been a subscriber for many years
I started when the subscription cost $10. But lately, the clunky menu has just been getting on my nerves. And the recommendations are absolutely terrible. The suggestions are the same tracks I listened to 5 years ago. Why can’t you just create a separate “New for You” playlist?
On top of that, they raise the subscription price every year even though the quality of the service is going downhill! A lot of popular tracks are just missing! And now I have to pay $15 for this. I canceled my subscription, but they’ve figured out a way so that in the free version despite tons of ads I simply can’t listen to my own tracks… what a terrible service.",1,https://apps.apple.com/us/app/spotify-music-and-podcasts/id324684580,Son of Ananda
App Store,14191877446,2026-06-16,I love it so much but can you make my playlist longer because my songs don’t be going into my playlist please,5,https://apps.apple.com/us/app/spotify-music-and-podcasts/id324684580,Cash Zion
App Store,14191862870,2026-06-16,"Has any music you can listen to and keeps track on how much you have been listening to that music you love. I was even able to make my own playlists and add my favorite singers on my playlists. 
I totally recommend downloading Spotify👍👍",5,https://apps.apple.com/us/app/spotify-music-and-podcasts/id324684580,Goodgametbh
App Store,14191855305,2026-06-16,"Spotify does not continuously update your stations. when you go to a previous station, it’s just like listening to the playlist on repeat. It’s the same songs again and it doesn’t add any new ones or any.",3,https://apps.apple.com/us/app/spotify-music-and-podcasts/id324684580,Weeziet
App Store,14191850167,2026-06-16,"The songs are good, but the UI is insanely bad, I spent three minutes trying to navigate to a playlist, only to find out I had to pay to listen to a specific song.",3,https://apps.apple.com/us/app/spotify-music-and-podcasts/id324684580,Jsweazen
App Store,14191847685,2026-06-16,"I’ve been dealing with this for a while now, and honestly, it still hasn’t been fixed. Shuffle is supposed to play all my songs… right? Instead, it just keeps replaying the same ones over and over.

I have over 700 liked songs, but somehow only around 30 of them keep coming up. At this point, they’re not just repeated—they’re completely overplayed. It kind of ruins the whole experience of listening to music I actually enjoy.

I’ve even had to remove songs from my playlist just because I’m so tired of hearing them constantly, which defeats the whole purpose of liking them in the first place.

Spotify, please fix this.",1,https://apps.apple.com/us/app/spotify-music-and-podcasts/id324684580,Goodkicker1228
App Store,14191839016,2026-06-16,"I love spotify. its easy to use and has every song u can imagine, BUT after every 1-2 songs it starts giving u like 2 or 3 ads and it just really pissis me off and it kills the vibe.",3,https://apps.apple.com/us/app/spotify-music-and-podcasts/id324684580,Rally158
App Store,14191793165,2026-06-16,"He's the only one without a premium in my family and he's getting frustrated because he can't skip music without limits, repeat music, please fix this",1,https://apps.apple.com/us/app/spotify-music-and-podcasts/id324684580,꧁MikePittsFanGirl꧂
App Store,14191775341,2026-06-16,I like Spotify because I can listen to my favorite genre of music all the time. It’s clear and very enjoyable to keep it on while I’m out working.,5,https://apps.apple.com/us/app/spotify-music-and-podcasts/id324684580,maydaynmMIKE
App Store,14191675534,2026-06-16,"Turned into a battery sucking app. The AI is horrible, the autogenerated playlists used to exposed me to new music, now it’s just specific artists on specific labels shoved into every auto genned playlist",3,https://apps.apple.com/us/app/spotify-music-and-podcasts/id324684580,Rich Gr...
App Store,14191625642,2026-06-16,"This app is amazing, and has a variety of great songs and genres. I use it often. My only issue is that I’ll be playing a song, I want to play a song, and suddenly it gives me around 6 ads in a row, lets me listen to 2 
songs, and will give me like 5 ads. It’s great, but I don’t want to get the paid version, and just for that it gives me 6 ads in a row. But for what it is, it’s great. Would recommend.",4,https://apps.apple.com/us/app/spotify-music-and-podcasts/id324684580,I will write reviews
App Store,14191560890,2026-06-16,"Its so god everything is oerfect the only reason i gave it 4 stars is it dose not show all the artists albums only most popular but other wise i love it



MICHAL JACKSON IS FOREVER",5,https://apps.apple.com/us/app/spotify-music-and-podcasts/id324684580,Happy sun flowers
App Store,14191440397,2026-06-16,It would have five stars if it didn’t play songs that weren’t in my playlist and then not let me skip them,4,https://apps.apple.com/us/app/spotify-music-and-podcasts/id324684580,MysteriousUnicorn44
App Store,14191407275,2026-06-16,"I am extremely disappointed with the way Spotify limits users from choosing the specific songs they want to hear. The fact that I can search for a song, see it right in front of me, and still be forced to wait, shuffle, or deal with unnecessary restrictions is frustrating and unreasonable.

As a music streaming platform, your main purpose is to let people listen to the music they enjoy. Instead, Spotify creates obstacles that make the experience feel more like a punishment than a service. Forcing users to wait to manually select songs does not encourage loyalty—it only creates annoyance and drives people away from the platform.

Many users come to Spotify because they want quick and easy access to music. When someone knows exactly what song they want to hear, there is no good reason to make that process difficult. These restrictions make it seem as though user satisfaction is far less important than pushing people toward paid subscriptions.

Spotify has one of the largest music libraries in the world, yet the listening experience for many users is unnecessarily restrictive. Rather than improving accessibility and user experience, these limitations leave people feeling ignored and frustrated. If Spotify truly values its users, it should reconsider policies that prevent people from simply listening to the music they want when they want it.",1,https://apps.apple.com/us/app/spotify-music-and-podcasts/id324684580,theeonceandonlyy
App Store,14191404843,2026-06-16,"Love all the available songs, especially new artists! Pricing is a little high for regular premium users but is reasonable for student discounts.",5,https://apps.apple.com/us/app/spotify-music-and-podcasts/id324684580,mdffr56
App Store,14191401195,2026-06-16,The best to listen to music and connect with people through playlists,5,https://apps.apple.com/us/app/spotify-music-and-podcasts/id324684580,Natalie🔫
App Store,14191363088,2026-06-16,"As a user without premium, I understand that the service is not going to be as good, but there are way too many ads. Just a year ago, I had only 2-3 ads after a few songs. But now it’s 3-5 ads even after just 2 songs, to where it has genuinely become unbearable. Plus, whenever I listen to long playlists/liked songs, the algorithm always plays only a certain number of songs and doesn’t play every one, or sometimes plays recommended songs in random intervals. Overall, it’s a great app with adequate service, just needs some improvement.",3,https://apps.apple.com/us/app/spotify-music-and-podcasts/id324684580,SoME_pErsoN.1
App Store,14191361160,2026-06-16,the app was amazing but one thing when i got my new phone it didnt let me play my songs repeating it over and over again like it did on my ipad and both devices dont have spotify premium and now i use my phone all the time and it will not let me play repeating the song but overall this app is AMAZING when i say that you need to download it like its better than other music apps please try spotify,4,https://apps.apple.com/us/app/spotify-music-and-podcasts/id324684580,Kirbyspookie
App Store,14191315824,2026-06-16,Don’t like how there are adds every song and some of these adds are inappropriate for little kids but the app is good if you want    To listen to music you can make playlists for your songs and organize it if you like being organized then I definitely recommend,3,https://apps.apple.com/us/app/spotify-music-and-podcasts/id324684580,This app is to good 🩵
App Store,14191231200,2026-06-16,"You can play back to a certain time, you cant put songs on repeat and others things unless you have stupid premium like no one’s paying 12 dollars a month just to do basic things",1,https://apps.apple.com/us/app/spotify-music-and-podcasts/id324684580,BRING BACK THE EDIT BUTTON
App Store,14191162878,2026-06-16,This was so so amazing it was entirely free without upgrades not even a monthly trial.  It has almost all the songs you could ever want you can Evan put them on a liked playlist I really like the app.,5,https://apps.apple.com/us/app/spotify-music-and-podcasts/id324684580,Hudson Buffington
App Store,14191149602,2026-06-16,"I was Spotify’s biggest fan for 10 years, but I can’t take it anymore. The app is so buggy that it often takes a full minute before music will start playing (I have timed it). It freezes almost every time I try to navigate to a new page then spends another 30 seconds loading the content I try to play once it unfreezes.
All of these new features are nice and all, but I’d rather the app actually work than make me another useless AI playlist.",1,https://apps.apple.com/us/app/spotify-music-and-podcasts/id324684580,ShellyCantTakeIt
App Store,14191067277,2026-06-16,"The title is prey self explanatory, what do you mean i have to pay to listen to the songs that are actually on my playlist??? If I feel like listening to music I have to use my iPad, that’s annoying. The skip thing I have no problem with, but everything else is annoying. I can’t even listen to my songs in order. Ts is annoying, and the app is so money hungry",1,https://apps.apple.com/us/app/spotify-music-and-podcasts/id324684580,𝐃𝐚𝐳𝐚𝐢𝐬 𝐰𝐢𝐟𝐞<𝟑
App Store,14190958251,2026-06-16,Shuffle feels like its playing same songs 20 on a 700 song playlist.,1,https://apps.apple.com/us/app/spotify-music-and-podcasts/id324684580,Gaidbn
App Store,14190870514,2026-06-16,This is a really good app for listening to music or listening to podcasts. Sadly I don’t have premium anymore since my parents thought Spotify supported Israel or whatever they heard on the news but other than all the ads it’s pretty good. My only complaint is that there’s sometimes too many ads I get having ads on the podcasts and stuff but now there is ads when you go to your liked songs playlist. So hopefully Spotify fixes that and also why can’t I play songs in order I remember before the latest update you could play songs in order even if you didn’t have a subscription which was nice so hopefully that gets fixed as well. Other than those flaws it’s MUCH better than Apple Music I highly recommend getting Spotify instead.,4,https://apps.apple.com/us/app/spotify-music-and-podcasts/id324684580,Finnegan Pratt
App Store,14190840458,2026-06-16,"Probably the worst music app ever. Kept signing me out of my account and the link to log back in kept glitching like crazy. It wouldn’t even go through. And this happens ALL THE TIME. Sometimes it takes over 3 hours just to log back in if it will let me. I also think there is way too many ads and I hate how you can’t pick what you want to listen to. I can’t listen to an album without it playing recommended tracks one song in. You also aren’t aloud to pick the songs you want to listen to. If you click on a song after searching it up, it just plays recommended tracks. I would rate it zero stars if I could.",1,https://apps.apple.com/us/app/spotify-music-and-podcasts/id324684580,Lifnsnalakamwnfslwkenfkskw
App Store,14190741835,2026-06-16,After a while it keeps showing recommended. Adding songs to my playlist when I never asked. And won’t even let me see my playlist. Just the songs I added and I can’t even play them.,1,https://apps.apple.com/us/app/spotify-music-and-podcasts/id324684580,I’m gonna miss you
App Store,14190698316,2026-06-16,"Ever since Spotify made its 15 year update the app has been incredibly slow, taking 5 minutes to load simple song searches. My phone will go dark before Spotify can load the search. This happens only on Spotify.",1,https://apps.apple.com/us/app/spotify-music-and-podcasts/id324684580,idontwantauniquenickname
App Store,14190681101,2026-06-16,Omg Spotify u saved my life I can listen to any artists and it’s the best and I could listen to podcasts like WTH it’s the best,5,https://apps.apple.com/us/app/spotify-music-and-podcasts/id324684580,Spotify 683
App Store,14190671827,2026-06-16,"Hello, my name is Sarah and I personally love Spotify over any other app for music out there. I have tried many apps for music such as Apple Music and Pandora and Spotify has the best deals and the best QUALITY music. You may think that sounds strange but it is entirely true. My family has invested in the family plan and it has done wonders for us. (We are a family of 4). We can all listen to music without messing one of the others music up. We have the ability to make our own playlists, follow artists we enjoy listening to, and follow people that create amazing playlists so that we can go back to them and listen more! Also, if you do not have WiFi in certain places and you still want to listen to music, Spotify PERSONALLY makes an OFFLINE PLAYLIST based on the music you listen to regularly! It’s amazing!! In conclusion, Spotify is the way to go if you want to listen to fabulous music whenever and wherever you are. Please consider getting Spotify so that you can enjoy your favorite songs and artists in your everyday life!",5,https://apps.apple.com/us/app/spotify-music-and-podcasts/id324684580,Sarah Elizabeth Hills
App Store,14190628137,2026-06-16,"The music is super good, my only issues were that there is SO many ads and if you dont want them you have to pay 12.99 per month. They also dont have an option to just listen to your playlist so you have to listen to random songs. If you want to play a different song you can only change it so often unless you want a long ad. I think that if I dont want to play a song not on my playlist I shouldnt have to listen to an ad.",3,https://apps.apple.com/us/app/spotify-music-and-podcasts/id324684580,AHAHAHAHSHDHFNFNENANAN
App Store,14190538263,2026-06-16,"Spotify is awesome and I love it, but I made a separate account because I shared one with my friend and it was getting annoying since I was not able to listen to music when I wanted to, so I made a separate acc without premium. Why on EARTH do I get 6 skips an hour, WHY can’t l go back OR choose the time I want the music to be at, and WHY is it playing my playlist in mix? I don’t want that. I don’t mind the ads but this is getting out of hand and it is ridiculous and just utterly stupid.",1,https://apps.apple.com/us/app/spotify-music-and-podcasts/id324684580,kandikid_>X3
App Store,14190524942,2026-06-16,One of the best music platforms for all genres!,5,https://apps.apple.com/us/app/spotify-music-and-podcasts/id324684580,DZCD23
App Store,14190514232,2026-06-16,There’s too many ads. What do you mean I get about five ads in a row after two songs. It’s ridiculous. And the shuffle button is useless because I get the same song at least once a day on this one playlist I have. And supporting ICE is shameful. Adding all this onto the fact that Spotify underpays artists and raises prices means that greed is what will do them in.,1,https://apps.apple.com/us/app/spotify-music-and-podcasts/id324684580,Whatsuphumans
App Store,14190512663,2026-06-16,"As an artist, I grieve what this platform is doing. It marginalizes what isn’t already known/popular and provides little musical variety even to those who want it. 

As a listener, I am disappointed with its narrow and repetitive recommendations (which leave me feeling a little bored and uninspired).",1,https://apps.apple.com/us/app/spotify-music-and-podcasts/id324684580,ArtistAgainstA.I.
App Store,14190429618,2026-06-16,"Spotify is widely regarded as one of the best music apps ever because of its enormous music library and ease of access. With millions of songs, albums, podcasts, and audiobooks available in one place, users can discover music from virtually every genre, era, and region. Whether someone enjoys mainstream pop hits or obscure independent artists, Spotify makes it easy to find and enjoy content that matches their interests.

One of Spotify’s greatest strengths is its recommendation system. The platform uses listening habits, saved songs, and user preferences to suggest music that feels surprisingly personalized. Features such as Discover Weekly and Daily Mixes help users uncover new artists and tracks they may never have found otherwise, making music discovery a seamless and enjoyable experience.

Spotify also excels in creating personalized playlists. Instead of requiring users to spend hours organizing music manually, the app automatically generates playlists tailored to moods, genres, and listening patterns. These playlists evolve over time, ensuring that recommendations remain fresh and relevant as users' tastes change.

Another reason Spotify stands out is its user-friendly design. The interface is clean, intuitive, and accessible across devices. Whether someone is using a smartphone, tablet, desktop computer, smart speaker, gaming console, or car entertainment system, Spotify provides a consistent experience that is easy to navigate and understand.

The app’s social features add another layer of appeal. Users can share songs, playlists, and albums with friends, follow each other’s listening activity, and collaborate on playlists together. This transforms music from a solitary experience into a shared one, allowing people to connect through their favorite artists and tracks.

Spotify’s cross-platform functionality is another major advantage. Users can start listening on one device and continue on another without interruption. Features like Spotify Connect allow seamless control of playback across compatible devices, making it convenient to move music from headphones to speakers, TVs, or computers.

The platform has also become a leader in podcast distribution. Beyond music, Spotify offers access to a vast collection of podcasts covering topics such as news, entertainment, business, science, sports, and education. This makes the app more than just a music service—it serves as a comprehensive audio platform for a wide range of interests.

Offline listening is another feature that contributes to Spotify’s popularity. Premium subscribers can download songs, albums, and playlists for use without an internet connection. This is especially useful for travel, commuting, or areas with limited connectivity, ensuring that users always have access to their favorite content.

Spotify continually innovates by introducing new features and improving existing ones. From AI-powered playlists and personalized listening experiences to enhanced audio options and better content discovery tools, the company regularly updates the platform to keep it modern and competitive. This commitment to innovation helps maintain its position as a leader in the music streaming industry.

Ultimately, many people consider Spotify the best music app ever because it successfully combines convenience, personalization, variety, and accessibility. Its ability to help users discover new music, connect with others, enjoy content across devices, and access a vast range of audio entertainment has made it one of the most influential and beloved music platforms in the world.",5,https://apps.apple.com/us/app/spotify-music-and-podcasts/id324684580,The game takes too long
App Store,14190425317,2026-06-16,"Spotify is a superior streaming platform. From finding new music, podcasts, workouts, audiobooks, they have positioned themselves to optimize these functionalities compared to other platforms. The Spotify wrapped experience, the ability to summarize and contextualize the user’s music preferences in interesting ways is unmatched and we have seen other platforms attempt to replicate similar experiences (albeit not to the same impact). 10/10 would recommend, and I say this as someone who has used Apple Music, SoundCloud, Pandora, and YouTube.",5,https://apps.apple.com/us/app/spotify-music-and-podcasts/id324684580,Rachizzlevibes
App Store,14190416927,2026-06-16,I have been a premium subscriber for about 10 years now and Spotify really needs to find a way to fix its shuffle. It’s absolute horrible since it plays the same 100 songs in a shuffle in a playlist no matter how many time you clear the cache or restart the app. Other than the shuffle issue it is a good alternative to the other music streaming services. Once the shuffle is fixed it would be a great choice.,2,https://apps.apple.com/us/app/spotify-music-and-podcasts/id324684580,SD9304
App Store,14190369921,2026-06-16,Only place where I can make a playlist and never get tired of listening to it & no adds makes it the best there is!,5,https://apps.apple.com/us/app/spotify-music-and-podcasts/id324684580,PDXwanderer
App Store,14190338041,2026-06-16,Plays the same songs over and over again even though playlist is 72 hours long,3,https://apps.apple.com/us/app/spotify-music-and-podcasts/id324684580,Coochkiller25
App Store,14190291747,2026-06-16,"Too many ads and i watch the 30 minutes free then 2 songs later I get 3 ads in a row then after 1 more song it gives me another ad while at the same time I make a playlist and it adds songs in it and most the time does not play my songs 

Edit: I’ve had premium for some years now since making this original 3 star rating. I’m changing it to 1 star because this is absolutely garbage. Before building your playlist and liked songs up on this platform I really recommend looking into many streaming platforms before. They will constantly raise the prices, even with premium you’ll still get ads on podcast and audio books, the shuffle is an absurdly bad shuffle. Like you want to shuffle through your random 2k plus liked songs and guess what. You know how you listened to a band you liked yesterday. Guess what now you get to hear the same song in shuffle 4 times today. Because the so random things gotta be random. Also this isn’t just a 1 song/band kind of deal. That I could deal with. This is the fact that I only ever listen to like 100-200 of the same songs cause they are too focused on money drives than making an app that people want to use. I have had days at work where I will get the same line up on a “random” queue. Yk how improbable it is to get the same 5 song line up over 4 times in a week. Well on here it’s very possible and likely. “Smart shuffle” repeats the same songs/artist so often it’s actually more worth it to do regular random even with its algorithm that’s not actually random. You can try all the tips online like clearing cache. It doesn’t matter. This is a lot I’ve typed but that’s how actually bad this app is. Save yourself the trouble of waiting for this platform to get better. I’ve been waiting since 2018 and some how they’ve only gotten worse since 2020",1,https://apps.apple.com/us/app/spotify-music-and-podcasts/id324684580,Ashton^1
App Store,14190267173,2026-06-16,"My family pays for apple music, but i pay for Spotify premium with my own money because its so good! Its also where i discovered my latest obsession---Stray Kids! If hearing about the ads worries you, dont worry, their only like every 5-6 songs. And premium is pretty cheap, so if it really bothers u, i recommend paying for it. You can download music then too!",5,https://apps.apple.com/us/app/spotify-music-and-podcasts/id324684580,Shdjoama
App Store,14190135480,2026-06-16,"As soon as Spotify started, I started looking up my favorite songs and artist.  I’ve been a True Spotify Lover. But money wise I wasn’t able to purchase there awesome comercial free, & able to repeat songs or skip to the next one with out having a limit. As soon I as could justify taking money from my family budget. I bought it. &. OMG Do I love it even even MORE!!!  & I so love the “hey a year ago this, is the song you played the most”. Or your most favorite artist. & at the end of year these’s songs you played the most. And you hear a voice or see a video of that artist thanking you for being such an awesome follower love love love it. Keep it coming….. 🥰😀😁",5,https://apps.apple.com/us/app/spotify-music-and-podcasts/id324684580,Sandy (PugMama)
App Store,14190114532,2026-06-16,Love this app. Only thing that’s annoying is the limited skips and no loop if you don’t have premium. 9/10 otherwise!,4,https://apps.apple.com/us/app/spotify-music-and-podcasts/id324684580,Dove/TTVxNight_StarZ
App Store,14190055448,2026-06-16,"One of the few qualms that I have with Spotify is that it recommends a lot of AI-generated music which I strongly dislike. It’s inconsiderate and disrespectful towards bands/musicians/artists that are professions in this realm. There’s also no option for Spotify to filter out AI-generated music which is extremely frustrating. Please come up with a way to control this. It’s infuriating. 

My other qualm is that when I try to shuffle my 1,000+ song playlist, it somehow manages to play the same artists and even songs in the same order I last shuffled it in. I would prefer an actual shuffle where it goes through songs I haven’t listened to in a while.

Otherwise, I like that it gives me exposure and accessibility to a wide range of music. I also like the events tab where it lists bands that I listen to that will be touring where I set the location to.",3,https://apps.apple.com/us/app/spotify-music-and-podcasts/id324684580,shelleryshtick
App Store,14189974165,2026-06-16,"I’ve been listening to Spotify for about nine years. Making playlist at first was a challenge, but I love it whatever type of music I wanna hear. I just pull up one of my playlists! The only difficult part was sharing. I just realized now that I have my iPhone that you have to go into settings and then you can!
Very cool!!",5,https://apps.apple.com/us/app/spotify-music-and-podcasts/id324684580,Master- Piece
App Store,14189891681,2026-06-16,"ok so this app is super cool and can do a lot of things. you can make playlists, make playlists WITH others, it has like every song and you can connect to cars and speakers and stuff. the only bad part is sometimes the ads can go up to like 2 minutes..but if you biy premium there are no ads and the ads dont come very often. definitely recommend!",5,https://apps.apple.com/us/app/spotify-music-and-podcasts/id324684580,SuperSigmaBaddi
App Store,14189848773,2026-06-16,"the music is very organised, spotify has great recomandations for new songs and playlists. it is quick and easy to acsess music and it is really easy to locate playlists and songs from your library and anywhere  :)",5,https://apps.apple.com/us/app/spotify-music-and-podcasts/id324684580,yaaaayaayyayayyayayay
App Store,14189817700,2026-06-16,"I would give a no star if it was possible. Contacting Spotify is incredibly hard. All they have is AI robots responding to you. I use Spotify Free on iPhone. I understand ads are part of the free service, but I don’t want recommended songs inserted into playlists I created. I would like an option to turn off Smart Shuffle without requiring Premium. If this continues, I am seriously considering deleting my account and just leaving Spotify and finding a different music provider.",1,https://apps.apple.com/us/app/spotify-music-and-podcasts/id324684580,dobetter789
App Store,14189815997,2026-06-16,I started the first song on my playlist and an ad started less than 10 second into the song.  I’ll research the cause later but it would be great for adds to happen only between songs.,4,https://apps.apple.com/us/app/spotify-music-and-podcasts/id324684580,RosaTheRD
App Store,14189760583,2026-06-16,"Ok, so lately on my IPhone, Spotify has not been working at all. It will play the first 10 seconds of a song, then suddenly start the endless buffering and error message, saying Oops you are offline or something like that. I’ve cleared the cache, deleted the app and reinstalled….. nothing works. Quite frustrating.",1,https://apps.apple.com/us/app/spotify-music-and-podcasts/id324684580,guttersnype
App Store,14189670510,2026-06-16,"i don’t really like the recommendations, for music. is there some way I can stop it. and ask if I want it.",5,https://apps.apple.com/us/app/spotify-music-and-podcasts/id324684580,JJMarisol
App Store,14189609328,2026-06-16,I will y wish there was a way to easily rearrange the order of your songs on all playlists.  Like a simple drag method,5,https://apps.apple.com/us/app/spotify-music-and-podcasts/id324684580,+(One)+
App Store,14189589568,2026-06-16,"Please fix your shuffle to work functionally. It’ll only play 40 songs out of my playlist full of thousands of tracks. Also, fix your radio stations to finding more new music, not recycling what I’ve already found.",2,https://apps.apple.com/us/app/spotify-music-and-podcasts/id324684580,Visiom47
App Store,14189460725,2026-06-16,"not displaying songs randomly, stop adding new features and make a working app pls",3,https://apps.apple.com/us/app/spotify-music-and-podcasts/id324684580,em_ha
App Store,14189441938,2026-06-16,Got all the songs You’ve been looking for. All the Remixes and playlists are awesome. 5 star rating. No need for ads though lol,5,https://apps.apple.com/us/app/spotify-music-and-podcasts/id324684580,P$803
App Store,14189365584,2026-06-16,This application is so much easier to use compared to Apple Music or pandora. I love that we can share our playlists with anyone and it’s free! I love it!,5,https://apps.apple.com/us/app/spotify-music-and-podcasts/id324684580,FaithH47179
App Store,14189282933,2026-06-16,"Generally “satisfied” with the service but a couple points for improvement. #1 Fix Synching across multiple devices! VERY frustrating to edit a playlist on my iPad but changes not seen on phone. #2 Communicate (give a notice) when certain songs disappear from the platform. When this happens, I am left googling: Why did Spotify drop … song? I realize the notion of effective customer support is quaint, but why not try to be better?",3,https://apps.apple.com/us/app/spotify-music-and-podcasts/id324684580,GuRuhe
App Store,14189282576,2026-06-16,"I’ve been using Spotify for about two years now, and I absolutely love it. I love being able to create my own playlists and discover playlists made by others. The family plan is a huge plus because everyone can have their own account, and I can also control what my child listens to with the kid-friendly options.

The app connects seamlessly across all my devices, and I’ve never had issues with lagging or buffering. It’s incredibly easy to use, and I love that I can listen offline whenever I need to. Overall, Spotify has been a fantastic experience, and I honestly wouldn’t go back to any other music app. Totally recommend it 😊",5,https://apps.apple.com/us/app/spotify-music-and-podcasts/id324684580,Ms. Zeledon
App Store,14188895653,2026-06-16,I can’t not touch my phone for 2 songs in albums and small playlists because of recommended songs I don’t even like or know about. Please at least limit the amount of recommended songs that are on these albums and small playlists,1,https://apps.apple.com/us/app/spotify-music-and-podcasts/id324684580,K a l e b. B
App Store,14188770802,2026-06-16,"I love this app and I've been using it for years. Premium is nice but decently pricey so pay what you will! The only issue I have with the app is it frequently crashes. This started happening recently and it's because of the huge load of songs I have. I download all my songs and I have 10,000+ liked songs so the app crashes very often. Other than this the app is wonderful and it is very unlikely other's will have the same issue as me so enjoy the app!",5,https://apps.apple.com/us/app/spotify-music-and-podcasts/id324684580,jijiwme
App Store,14188462562,2026-06-15,I really enjoy this app with all of the unique playlist on here and compared to other apps. There’s just seems to be some more artists. Only complaint is if you’re not on premium version there’s so many ads. It’s really annoying. I’ll just be trying to play a song that’s been stuck in my head all day or something and then there’s like five ads that last about two minutes. And they’re really repetitive because it’s the same ad like two times in those five ads. And I’ll just hear similar ads. It’s just to a point where it’s very annoying. So I suggest finding something with a few less apps if you do not want to pay.,4,https://apps.apple.com/us/app/spotify-music-and-podcasts/id324684580,ClemTheCorgi
App Store,14188457887,2026-06-15,I have been cheated on (I’m a boy) been beated to the point I’m coming home with bruises and bloody nose and l try my hardest to be good.nothing goes my way.l lost all my friends.my sister left the house but my life has been getting better ❤️‍🩹 and when l listen to these songs l feel better than l was back then,5,https://apps.apple.com/us/app/spotify-music-and-podcasts/id324684580,For you/developers
Reddit,reddit-rss-2,2026-06-18,"2017l6 Chill Vibes. https://open.spotify.com/playlist/28ResSXkQi4lgCtxMIVrly?si=EyszhT\_HRMaLZAW46uvOyw&pi=KvX5DfWNR6Gsm ​ I dont know if you look back on 2016 the same way I do. For myself, it was a magical summer. Chasing friends all over the pnw to different parties, roaming parks and hiking trails, beach trips, a year for me that encompassed freedom and socializing. Throughout it all, this absolute jam was in the background, cranked or quiet. Bluetooth speakers in my passenger seat, sound system in my bedroom, or packed tightly into my ears. Towards the end of the summer, Spotify hijacked the Playlist title and swapped out the majority of the songs, which was pretty devistating. ​ Sometime later, I discovered the Playlist on YouTube. Sadly, a number of the songs, videos, were delisted or private or missing. Piece by piece I rebuilt this Playlist, so I could relive it at a moments notice. Never thought I'd be here 10 years later still calling on it to bring me back down to earth when stressed, aggravated, or just looking for something to compliment my chill. I hope this Playlist brings back memories, reminds you of a time and space that only exists in our heads and hearts. Give it a try if you're u familiar, I find it to be timeless and hope to enjoy it for many more decades. ​ If you know of any songs that are missing, please reach out. There are probably a dozen titles that either Spotify no longer offer or that I couldn't generate titles for off of the YouTube Playlist. submitted by /u/Ancient_Database [link] [comments]",,https://www.reddit.com/r/spotify/comments/1u99ms4/2017l6_chill_vibes/,/u/Ancient_Database
Reddit,reddit-rss-3,2026-06-18,"What's on your repeat list..here's mine. Give this playlist a listen: On Repeat https://open.spotify.com/playlist/37i9dQZF1Epk6WY1cJneTt?si=O8W4QXhzSWO-SSJX1pH-Qw&pi=83346UTySJiQa ​ ​ Also, how do you get music on your repeat playlist? I go as far as to listen to the song I want on my repeat playlist, on repeat for the 45 minutes it takes me to get home from work..if I find a great song I like! I listen to all kinds of music! Thanks for sharing your lists! submitted by /u/Aaron15007 [link] [comments]",,https://www.reddit.com/r/spotify/comments/1u98l4t/whats_on_your_repeat_listheres_mine/,/u/Aaron15007
Reddit,reddit-rss-11,2026-06-18,EDM/Dance Ultimate Playlist Share Thread. Check out this playlist updated weekly with top club/dance/edm songs! Share your playlists below and save new ones you love! submitted by /u/TMR_Music [link] [comments],,https://www.reddit.com/r/spotify/comments/1u8ux2i/edmdance_ultimate_playlist_share_thread/,/u/TMR_Music
Reddit,reddit-rss-15,2026-06-17,"LF: old school Hawaiian playlists. Preferably nothing past the mid 80’s. The last popular band I knew of was kalapana, but I remember listening to vinyls from the 40’s,50’s and 60’s because of my grandparents, but I can’t remember any of the name or titles. submitted by /u/Surreal_Cereal_K [link] [comments]",,https://www.reddit.com/r/spotify/comments/1u8lcln/lf_old_school_hawaiian_playlists/,/u/Surreal_Cereal_K
Reddit,reddit-rss-16,2026-06-17,What Planet Is This. 𝘞𝘩𝘢𝘵 𝘗𝘭𝘢𝘯𝘦𝘵 𝘐𝘴 𝘛𝘩𝘪𝘴?̾ Retrofuture Laser Funk? This playlist features -Loving attention to play order and transitions (w/ updating) -Old school aesthetic -Surprisingly acoustic guitar submitted by /u/ForayForay [link] [comments],,https://www.reddit.com/r/spotify/comments/1u8kywh/what_planet_is_this/,/u/ForayForay
Reddit,reddit-rss-17,2026-06-17,"musica obscura. I really wanted to create the playlist of texture-driven atmopsheric music that will be not yet another ""music for relaxation"". So here is my collection of bold and experimental electronic music by genre pioneers and outsiders as well as local Ukrainian scene. Hope you enjoy https://open.spotify.com/playlist/6CfMtO7iUCzZAGEHeJ6Ti1 submitted by /u/Defiant_Process_992 [link] [comments]",,https://www.reddit.com/r/spotify/comments/1u8ggxh/musica_obscura/,/u/Defiant_Process_992
Reddit,reddit-rss-18,2026-06-17,Ultimate Classic Rock Playlist. Classic rock playlist I’ve been slowly adding too for the past 5 years. Not your typical songs you hear on the radio (although they’re on there). 30+ hours and updated weekly submitted by /u/lanwilder26 [link] [comments],,https://www.reddit.com/r/spotify/comments/1u8ewsy/ultimate_classic_rock_playlist/,/u/lanwilder26
Reddit,reddit-rss-21,2026-06-17,"I made a playlist that follows the entire anatomy of falling in love.. I built a playlist that tells a complete story, it starts with loneliness and longing, then comes friendship, the first spark and then falling harder, commitment, distance, heartbreak and finally learning to live with the memories. Every song isn’t just there because it’s good it represents a specific emotional stage in the journey. The order matters more than the individual tracks. So I called it “The Anatomy of Love.” I’d be really glad if you could make some time to give it a listen and let me know what you think. Whether it’s a suggestion for a better song, a change in sequencing or even a stage that is missing. Here’s the playlist: https://open.spotify.com/playlist/4j0tLjNXiNsylg8WxzFFFr submitted by /u/Reasonable-Try-6727 [link] [comments]",,https://www.reddit.com/r/spotify/comments/1u8byq6/i_made_a_playlist_that_follows_the_entire_anatomy/,/u/Reasonable-Try-6727
Reddit,reddit-rss-25,2026-06-17,Klangwald Charts Playlist. Klangwald - Chart of the week (25/2026) submitted by /u/Pee_Wee_Walrus [link] [comments],,https://www.reddit.com/r/spotify/comments/1u89ktu/klangwald_charts_playlist/,/u/Pee_Wee_Walrus
Reddit,reddit-rss-27,2026-06-17,Give me recs based on my playlist. submitted by /u/SaltInflation1235 [link] [comments],,https://www.reddit.com/r/spotify/comments/1u84uzv/give_me_recs_based_on_my_playlist/,/u/SaltInflation1235
Reddit,reddit-rss-28,2026-06-17,Massive Playlist 643hrs. HIPHOP VS METAL https://open.spotify.com/playlist/7bnDtzc7QivOegdsDY4Ksc?si=sK6c5cp5TqC3B-DQJbJYfA&pi=ttWdgCt0TRWYE submitted by /u/TOAD_HYPNO666 [link] [comments],,https://www.reddit.com/r/spotify/comments/1u84mje/massive_playlist_643hrs/,/u/TOAD_HYPNO666
Reddit,reddit-rss-29,2026-06-17,I think I found the hidden gem of Spotify hip hop/rap mixes. +14h of non stop music with great transitions https://open.spotify.com/playlist/7qwewkfP3SEseZglgULezq?si=p6wQcvr2SaK03y-vv4eubw&pi=6phi82sBQG-Bq submitted by /u/Ok_Serve6440 [link] [comments],,https://www.reddit.com/r/spotify/comments/1u83z3v/i_think_i_found_the_hidden_gem_of_spotify_hip/,/u/Ok_Serve6440
Reddit,reddit-rss-34,2026-06-17,"metal, rock and punk songs with female vocals. Hi hi, leaving here this playlist with songs that some of you guys recommended me! thank you so much, i loved to hear new bands! hope you guys enjoy this playlist as much as i do. submitted by /u/thisisyueee [link] [comments]",,https://www.reddit.com/r/spotify/comments/1u7wx0d/metal_rock_and_punk_songs_with_female_vocals/,/u/thisisyueee
Reddit,reddit-rss-36,2026-06-17,"Check out my playlist and let me know if you can think of any songs that might fit the theme. I made a playlist that's mostly alternative rock type of songs that all share the common theme of being about old petty feelings you can't quite let go of, I would love to add some more songs if anybody has any! https://open.spotify.com/playlist/3pMIjFtoDTJNHywSbauQss?si=o3pW7UTZScO5ii2wyARxkA submitted by /u/DaniMZ21 [link] [comments]",,https://www.reddit.com/r/spotify/comments/1u7wf6v/check_out_my_playlist_and_let_me_know_if_you_can/,/u/DaniMZ21
Reddit,reddit-rss-37,2026-06-17,"90's Nostalgia Playlist on Spotify and 2000's Nostalgia playlist on Spotify curated by CallMeThe PSYCHO X.. Some playlists filled with the most popular songs from the 90's and 2000's! Hope you enjoy! Tell me if I forgot to add some songs! 👍 These playlists are freshly curated and do not have a lot of songs right now, I'll add some! :) Any saves are really appreciated 👍! 😃 2000's playlist: https://open.spotify.com/playlist/3Lvs3t2fEBkM5uod63fSbE?si=tT0VwTmkSE-qvh6hS4WTeg 90's Playlist: https://open.spotify.com/playlist/2PfbiLPVSfEQdHVrjTzN5a?si=r10B7d94SYuPYter6kce0g submitted by /u/Free-Library-1747 [link] [comments]",,https://www.reddit.com/r/spotify/comments/1u7w97e/90s_nostalgia_playlist_on_spotify_and_2000s/,/u/Free-Library-1747
Reddit,reddit-rss-39,2026-06-16,playlist for letting go and moving on. submitted by /u/Jealous_Duty_7357 [link] [comments],,https://www.reddit.com/r/spotify/comments/1u7qjll/playlist_for_letting_go_and_moving_on/,/u/Jealous_Duty_7357
Reddit,reddit-rss-40,2026-06-16,Rate the playlist?. https://open.spotify.com/playlist/6YWCzsaMqMiIpTQEOT7tt3?si=OwG0w6yBRaamr37W\_YA5pQ submitted by /u/Persona3israd [link] [comments],,https://www.reddit.com/r/spotify/comments/1u7pdt2/rate_the_playlist/,/u/Persona3israd
Reddit,reddit-rss-42,2026-06-16,Gym Song Recommendations. I’m trying to make the best gym playlist on Spotify and I need some song recommendations https://open.spotify.com/playlist/76okCqjBBWqztKXLNzZvW6?si=taXzkqcASX6xNwd43HcWSA&pi=XJOlprXmRoajd submitted by /u/Murky_Strawberry7531 [link] [comments],,https://www.reddit.com/r/spotify/comments/1u7lp2m/gym_song_recommendations/,/u/Murky_Strawberry7531
Reddit,reddit-rss-43,2026-06-16,2016 playlist. Feel like your in 2016 again with this Playlist! submitted by /u/ProfessionalDay4064 [link] [comments],,https://www.reddit.com/r/spotify/comments/1u7jr4w/2016_playlist/,/u/ProfessionalDay4064
Reddit,reddit-rss-49,2026-06-16,Huge Playlist Name Ideas... So I listen to a ton of different genres and I'm going to put them all in one playlist. I was thinking of calling it 'Shuffle Me' or 'The Vault'. Anyone else have more ideas which I can consider? submitted by /u/NewCorpse96 [link] [comments],,https://www.reddit.com/r/spotify/comments/1u7f65q/huge_playlist_name_ideas/,/u/NewCorpse96
Reddit,reddit-rss-51,2026-06-16,"ultra specific loser rock/metal playlist. Heya guys, I want to search for a playlist that would work best for me. I want a playlist that would include bands like Car Seat Headrest (pre 2015), WillyRodriguezWasTaken, Lifelover, Silencer, Julie, Weatherday, Have A Nice Life, Stomach Book and etc. Does anyone have a sickass playlist that includes sm underground indie/noise rock, shoegaze/nugaze/doomgaze, metal/dsbm, emo/screamo/grunge ????? Everytime when I want to search for playlists like those on my own, they alr have songs that Ive liked, I want a playlist that'd include songs that I don't know mixed with those I really love!!.. hava great day y'all. submitted by /u/Odd-Iron-6860 [link] [comments]",,https://www.reddit.com/r/spotify/comments/1u7ery8/ultra_specific_loser_rockmetal_playlist/,/u/Odd-Iron-6860
Reddit,reddit-rss-53,2026-06-16,"I think this is my favourite playlist overall - so many world-class voices!. Smaller, lesser-known artists never fail to impress me. Feel free to drop a link if you think I've missed a recent track with a beautiful vocal. VOCALS Spotlight submitted by /u/GuestImpressive1717 [link] [comments]",,https://www.reddit.com/r/spotify/comments/1u7bybo/i_think_this_is_my_favourite_playlist_overall_so/,/u/GuestImpressive1717
Reddit,reddit-rss-54,2026-06-16,"Screamo without the Screamo. A friend I asked for song recommendations based on their liking introduced me to Screamo and I love the sound of the beats but I just can’t do actual Screamo part,I want to hear and understand the lyrics perfectly wondering if something like that exists The less the artist is known the better and just song recommendations works too thank you submitted by /u/R-tic [link] [comments]",,https://www.reddit.com/r/spotify/comments/1u7b86f/screamo_without_the_screamo/,/u/R-tic
Reddit,reddit-rss-55,2026-06-16,"Global Viral 50. Hello folks. Since Spotify decided to do away with their global viral 50 playlist, I haven't found anything else that resembles it. All of the ""global top lists I've found on Spotify aren't really global, they only have music from the US. Someone in this sub mentioned a playlist that comes close on YouTube. ​ I have taken the liberty of making this playlist on Spotify, up to song 50. I will try my very best to update the playlist on a weekly basis. ​ Global Viral 50 submitted by /u/ish986 [link] [comments]",,https://www.reddit.com/r/spotify/comments/1u7b2tw/global_viral_50/,/u/ish986
Reddit,reddit-rss-56,2026-06-16,"I NEED ARTIST RECOMMENDATION LIKE RICKY MONTGOMERY. Ricky Montgomery has been on my top list since last year, every month. I literally cannot stop listening to him. His music flows in my veins. Someone please recommend me underrated whimsy/indie/pop artists like him. submitted by /u/Ok-Researcher2797 [link] [comments]",,https://www.reddit.com/r/spotify/comments/1u78reb/i_need_artist_recommendation_like_ricky_montgomery/,/u/Ok-Researcher2797
Reddit,reddit-rss-61,2026-06-16,Goth Club. I made a playlist of songs you'd likely hear at the Goth Club 🖤🦇🕸 Enjoy! 🧛‍♀️ ​ https://open.spotify.com/playlist/2MXl6WLsmWB8bHur136TVY?si=vPYeP4-cQj6OhmnIksrX3A&pi=LrCkYt\_BTuSPi submitted by /u/Frozensorrow604 [link] [comments],,https://www.reddit.com/r/spotify/comments/1u76ogx/goth_club/,/u/Frozensorrow604
Reddit,reddit-rss-63,2026-06-16,"Playlist building tips and tricks. I got hella songs and listen to a lot of rap, R&B, alternative, melodic stuff, but when it comes to actually making playlists I kinda struggle. Not with finding songs, more with making the playlist feel like it has a theme or vibe instead of just being a bunch of songs thrown together. What are some of your favorite playlist themes or concepts you’ve made? Could be something broad enough for 100+ songs or something super specific Let me know what your guys process is submitted by /u/Datdudelolk [link] [comments]",,https://www.reddit.com/r/spotify/comments/1u73r5e/playlist_building_tips_and_tricks/,/u/Datdudelolk
Reddit,reddit-rss-67,2026-06-15,"Looking for kids playlists. Under 10. But would enjoy adult stuff that excluded the explicit. My kids love to listen to music and I'm trying to set up their own accounts. I would like to just setup a jukebox style player for them and allow them to play on their own but make it simple with happy songs, rock songs, and pop songs etc. but I need it to be kid friendly. I've searched through Spotify and have some lists but would love more. submitted by /u/Thebigtallguy [link] [comments]",,https://www.reddit.com/r/spotify/comments/1u6oyyb/looking_for_kids_playlists_under_10_but_would/,/u/Thebigtallguy
Reddit,reddit-rss-70,2026-06-15,"A small playlist I created for hardwave.. I created this small playlist for hardwave songs that i like a lot, mostly for driving, studying or working. https://open.spotify.com/playlist/60V61UpYnqDdJNl46aw0uR?si=EYlMqHmKR3CSAbsJT9I2hg&pi=ww1cqdVmRB2L0 I tend to update this playlist weekly, but would also love to hear your recommendations for new stuff. submitted by /u/felipemorandini [link] [comments]",,https://www.reddit.com/r/spotify/comments/1u6l2cp/a_small_playlist_i_created_for_hardwave/,/u/felipemorandini
Reddit,reddit-rss-72,2026-06-15,Hip hop songs listeners have been voting on lately. Put together a playlist of hip hop artists that have been receiving votes from listeners on The Cauldron. Thought I'd share it in case someone is looking for new music to check out. https://open.spotify.com/playlist/5Uqq4C32ZLWflYtrLJry9K submitted by /u/First_Weather_9943 [link] [comments],,https://www.reddit.com/r/spotify/comments/1u6idvy/hip_hop_songs_listeners_have_been_voting_on_lately/,/u/First_Weather_9943
Reddit,reddit-rss-76,2026-06-15,"looking for songs to build my whimsical spring playlist!. hello! I am looking for songs with a specific vibe i'd like to add to my spring-themed playlist. songs like Sarah by Alex G, like u love me by Rin, Strawberry Blonde by Mitski, and basically any Adrianne Lenker song are examples of what i'm looking for! sorry if this is a really specific request, i'm just curious if anyone knows any playlists or songs with this specific vibe. thanks for anyone who contributes! submitted by /u/jimothy_bartholomew [link] [comments]",,https://www.reddit.com/r/spotify/comments/1u6e0l5/looking_for_songs_to_build_my_whimsical_spring/,/u/jimothy_bartholomew
Reddit,reddit-rss-77,2026-06-15,"What early 80s synthpop needs to be in this playlist?. Currently around 30 tracks, but please let me know which early 80s synthpop track needs to be added to this playlist 👩🏻‍🎤 https://open.spotify.com/playlist/2BqemxG1pJ2PERyZpjpdPQ?si=jDpVSUl2S2W0UPfsv9vt1g submitted by /u/DiscoRickyy [link] [comments]",,https://www.reddit.com/r/spotify/comments/1u6bysj/what_early_80s_synthpop_needs_to_be_in_this/,/u/DiscoRickyy
Reddit,reddit-rss-82,2026-06-15,New Australian Indie & Alternative Renaissance. https://open.spotify.com/playlist/3CII1D8TaFGpmIuts7evmq submitted by /u/Babys_on_pizza [link] [comments],,https://www.reddit.com/r/spotify/comments/1u667cl/new_australian_indie_alternative_renaissance/,/u/Babys_on_pizza
Reddit,reddit-rss-84,2026-06-15,Talented connoisseur Spotify user. Who is the greatest playlist maker you came across on the app and what are your favorite playlists I’m talking in terms of diversity of genres and the creativity of the ability to set a strong vibe/atmosphere from the name and cover of the playlists Edit: Found this who guy has the most curated playlists library I have ever seen. He’s creating vibes as if you’re in a movie and does extremely niche content as well Here are some examples Living in a cyberpunk dystopia https://open.spotify.com/playlist/0G882WsZZfhIMQfajDqXAB?si=9ct40HX9QwSnLKtdxuk80g&pi=KoXXjQ7hQqGDE Newspaper boy stereotype of 90s movies https://open.spotify.com/playlist/4L2sGFPaFtzOP3AsiTs5w7?si=xykH-ch2TVS6a8G0YYC2yQ&pi=e7JBtoczS5Wgs Trapped in an 80s arcade https://open.spotify.com/playlist/1i6MUI24paRLndJtlIXYtU?si=1B9oEeRNRP2KEtDb4eYp5Q&pi=fAd5CiLrRO622 submitted by /u/DoriCavi [link] [comments],,https://www.reddit.com/r/spotify/comments/1u65b3e/talented_connoisseur_spotify_user/,/u/DoriCavi
Reddit,reddit-rss-86,2026-06-15,Best Gym Playlist. I’m always looking for the best workout songs and I know a lot of people are so I made a playlist with the best ones I found also if you have any you want to add lmk https://open.spotify.com/user/31u7hr5nxvfx5xwcrxvuspqlxgom?si=4lmgT\_iHTbiIaUqqmcLxeg submitted by /u/Murky_Strawberry7531 [link] [comments],,https://www.reddit.com/r/spotify/comments/1u635gh/best_gym_playlist/,/u/Murky_Strawberry7531
Reddit,reddit-rss-87,2026-06-15,"Coffee & Chill (ease into your day). Coffee & Chill seems to be my most popular playlist. It’s full of soul, indie and singer-songwriter grooves for coffee, slow mornings and quiet afternoons. A great listen that eases you into your day. (I update it every Monday) Enjoy! submitted by /u/_JTC10_ [link] [comments]",,https://www.reddit.com/r/spotify/comments/1u62r82/coffee_chill_ease_into_your_day/,/u/_JTC10_
Reddit,reddit-rss-88,2026-06-14,"Good Playlisters. Hello hello. I’m a big fan of constantly updating playlists, I like a wide range of music but tend not to get “too nerdy…” (metal, prog rock, alt rock vibes). And will lean towards more popular stuff (country, folk, pop, r&b, rap, drill). I have followed Jah Talks Music for a while and love the regularly updated playlists. Are you aware of any other playlisters that update regularly with new music and updated playlists to discover new music. Let me know :) submitted by /u/Upper_Security5810 [link] [comments]",,https://www.reddit.com/r/spotify/comments/1u60pz1/good_playlisters/,/u/Upper_Security5810
Reddit,reddit-rss-90,2026-06-14,Coldplay Best Of - Spotify Playlist created by CallMeThe PSYCHO X. Do you love Coldplay? I created a playlist that has all of the classics of Coldplay! Enjoy! Any saves are really appreciated 👍! https://open.spotify.com/playlist/1EAor2yC6gbYVwSQaOZ4oM?si=uPbPINhrTZ6QlrxImAipog&pi=QlNIy2PtRFeON submitted by /u/Free-Library-1747 [link] [comments],,https://www.reddit.com/r/spotify/comments/1u5vxeu/coldplay_best_of_spotify_playlist_created_by/,/u/Free-Library-1747
Reddit,reddit-rss-91,2026-06-14,"a red playlist that builds up from soft dream pop into heavy MBV, and then fades out into acoustic tracks.. Tried to capture that specific feeling of late-night obsession and distance. ​ The transition leading into 'when you sleep' and coming out of it into more atmospheric acoustic stuff worked out better than I expected. ​ No shuffle if you give it a listen! submitted by /u/dxbae_ [link] [comments]",,https://www.reddit.com/r/spotify/comments/1u5u2c2/a_red_playlist_that_builds_up_from_soft_dream_pop/,/u/dxbae_
Reddit,reddit-rss-92,2026-06-14,"Playlists per decade; 1950s - 2020s.. I grew up with radio stations that focused on specific decades, but I never liked the music they chose to play so I made my own to listen to when I want: 50’s on 5 60’s on 6 70’s on 7 80’s on 8 90’s on 9 2000 10% 20/20 submitted by /u/2XSLASH [link] [comments]",,https://www.reddit.com/r/spotify/comments/1u5s16s/playlists_per_decade_1950s_2020s/,/u/2XSLASH
Reddit,reddit-rss-93,2026-06-14,"Modern/Classic Rock Blend. Three modern-day rock tracks followed by two ""deep album tracks"" from past years (pre-2000), then repeats the pattern! Come on in and join the party! 🔊🔊 submitted by /u/RickTeleStrat57 [link] [comments]",,https://www.reddit.com/r/spotify/comments/1u5p2ov/modernclassic_rock_blend/,/u/RickTeleStrat57
Reddit,reddit-rss-94,2026-06-14,My 35 Hour Japanese Playlist. https://open.spotify.com/playlist/1H259JSUheCwPBNSYwZP5Q?si=Kwe0j\_RuQ46Smc8hpRnphQ A wide variety of Japanese songs that I grew up on or have grown to love over the years. If anyone has other song suggestions I’d greatly appreciate any! submitted by /u/Mental_Season_8420 [link] [comments],,https://www.reddit.com/r/spotify/comments/1u5o3il/my_35_hour_japanese_playlist/,/u/Mental_Season_8420
Spotify Community,community-7,2026-06-18,[Android] Playlists not loading,,https://community.spotify.com/t5/Ongoing-Issues/Android-Playlists-not-loading/idi-p/7452081,
Spotify Community,community-8,2026-06-18,Autoplay/ Radio not working properly,,https://community.spotify.com/t5/Ongoing-Issues/Autoplay-Radio-not-working-properly/idi-p/7452259,
Spotify Community,community-10,2026-06-18,Shared playlists & audiobooks not working on Kids/Managed accounts,,https://community.spotify.com/t5/Ongoing-Issues/Shared-playlists-amp-audiobooks-not-working-on-Kids-Managed/idi-p/7263748,
Spotify Community,community-12,2026-06-18,"Search in ""Add to playlist"" menu not working",,https://community.spotify.com/t5/Ongoing-Issues/Search-in-quot-Add-to-playlist-quot-menu-not-working/idi-p/7192988,
Spotify Community,community-14,2026-06-18,Discover Weekly playlist is blank or missing entirely,,https://community.spotify.com/t5/Ongoing-Issues/Discover-Weekly-playlist-is-blank-or-missing-entirely/idi-p/7413809,
Spotify Community,community-15,2026-06-18,iOS app crashing when opening Spotify-curated playlists,,https://community.spotify.com/t5/Ongoing-Issues/iOS-app-crashing-when-opening-Spotify-curated-playlists/idi-p/7307096,
Spotify Community,community-16,2026-06-18,Collaborative playlist links not working,,https://community.spotify.com/t5/Ongoing-Issues/Collaborative-playlist-links-not-working/idi-p/6022429,
Spotify Community,community-18,2026-06-18,Multiple car infotainment systems not loading playlists (GMC; Chevrolet),,https://community.spotify.com/t5/Ongoing-Issues/Multiple-car-infotainment-systems-not-loading-playlists-GMC/idi-p/7228609,
Spotify Community,community-19,2026-06-18,Public Playlists Not Visible Profiles,,https://community.spotify.com/t5/Ongoing-Issues/Public-Playlists-Not-Visible-Profiles/idi-p/7275472,
Spotify Community,community-24,2026-06-18,CarPlay Playlists not loading,,https://community.spotify.com/t5/Ongoing-Issues/CarPlay-Playlists-not-loading/idi-p/7301722,
Spotify Community,community-25,2026-06-18,[Android] App freezes/crashes when clicking on three-dot menu in playlist,,https://community.spotify.com/t5/Ongoing-Issues/Android-App-freezes-crashes-when-clicking-on-three-dot-menu-in/idi-p/4811695,
Spotify Community,community-34,2026-06-18,"""My Shazam Tracks"" playlist doesn't sync/add all shazamed tracks",,https://community.spotify.com/t5/Ongoing-Issues/quot-My-Shazam-Tracks-quot-playlist-doesn-t-sync-add-all/idi-p/4914974,
Spotify Community,community-35,2026-06-18,Shared Playlists section missing in Spotify Kids,,https://community.spotify.com/t5/Ongoing-Issues/Shared-Playlists-section-missing-in-Spotify-Kids/idi-p/7002478,
Spotify Community,community-38,2026-06-18,[Desktop] Doesn't show accurate number of songs saved anymore,,https://community.spotify.com/t5/Ongoing-Issues/Desktop-Doesn-t-show-accurate-number-of-songs-saved-anymore/idi-p/4833013,
Spotify Community,community-40,2026-06-18,Playlist scrolling position resets when navigating away from the app,,https://community.spotify.com/t5/Ongoing-Issues/Playlist-scrolling-position-resets-when-navigating-away-from-the/idi-p/6961658,
Spotify Community,community-41,2026-06-18,PS4 Quick Menu shows Playlists instead of a list Liked Songs,,https://community.spotify.com/t5/Ongoing-Issues/PS4-Quick-Menu-shows-Playlists-instead-of-a-list-Liked-Songs/idi-p/5742426,
Spotify Community,community-48,2026-06-18,Playlist in a bottle 2023 not showing up,,https://community.spotify.com/t5/Ongoing-Issues/Playlist-in-a-bottle-2023-not-showing-up/idi-p/5818603,
